type,asset,freq,strategy,Return_Ann,Sharpe,MaxDD,WinRate,N_Trades
baseline,BTC,W,BASE_EMA,0.7297734438366452,1.2018730415834837,-0.6552643578330455,0.3946360153256705,9
baseline,BTC,W,BASE_SMA,0.6783574379357775,1.1806173561131177,-0.638129590742774,0.34099616858237547,11
