type,asset,freq,strategy,Return_Ann,Sharpe,MaxDD,WinRate,N_Trades
baseline,BTC,D,BASE_EMA,0.757940122796811,1.3090325294651886,-0.6360872182466821,0.3495592180912227,16
baseline,BTC,D,BASE_SMA,0.6750148454441145,1.242963567966053,-0.6397665342431101,0.3303947872748179,25
