asset,freq,strategy,Return_Ann,Vol_Ann,Sharpe,MaxDD
BTC,D,S1_trend,0.6665804491099987,0.5329209552126272,1.2508054761030056,-0.640488523422928
BTC,D,S2_meanrev,0.15915626243916545,0.28259356188216417,0.5631984726726733,-0.5898515893038823
BTC,D,S3_breakout,0.6771627875270659,0.44241181772998006,1.530616408489257,-0.45281148257996073
