strategy,type,cagr,sharpe,trades
sma,baseline,12.89611100559976,2.6711149307074753,33
ema,baseline,12.667604597464429,2.664796626096812,43
