asset,freq,strategy,Return_Ann,Vol_Ann,Sharpe,MaxDD
BTC,D,BASE_SMA,0.7035605942478502,0.541971591784869,1.2981503180467855,-0.6574979365712823
BTC,D,BASE_EMA,0.6671628740602595,0.5130206735957742,1.3004600173012502,-0.7038681739606271
