type,asset,freq,strategy,model,window,source,Return_Ann,Sharpe,MaxDD,Trades,WinRate
baseline,BTC,D,SMA,,10,,0.6699564710381111,1.4141306293581166,-0.6161984216181852,214,0.538249483115093
baseline,BTC,D,SMA,,20,,0.6800666020015684,1.4149761381866166,-0.5863775742623651,136,0.5424881033310673
baseline,BTC,D,SMA,,50,,0.6595030884866416,1.302858540915096,-0.5732685978758884,66,0.5488673139158576
baseline,BTC,D,EMA,,10,,0.7005418126185559,1.4822405728687793,-0.5447972179288948,209,0.5426039536468984
baseline,BTC,D,EMA,,20,,0.7827048768233462,1.6149258498188426,-0.5309905770574608,132,0.5504587155963303
baseline,BTC,D,EMA,,50,,0.7173989270446454,1.4015258101383183,-0.5188218782924661,81,0.5497542997542998
