asset,dataset,model,strategy,auc,accuracy,trades,run_id
BTC,eng_base,RF,conservative,0.5389686135149065,0.49609375,80,d_prod_20250914-055550
BTC,eng_base,RF,balanced,0.5389686135149065,0.5143229166666666,108,d_prod_20250914-055550
BTC,eng_base,RF,aggressive,0.5389686135149065,0.5234375,181,d_prod_20250914-055550
