asset,freq,strategy,Return_Ann,Vol_Ann,Sharpe,MaxDD
BTC,W,BASE_SMA,0.38140208019249777,0.5761931186470239,0.6619344588635131,-0.8830406114989271
BTC,W,BASE_EMA,0.7343451466875658,0.6049987278583374,1.2137961831541493,-0.6873398462916342
