asset,freq,strategy,Return_Ann,Vol_Ann,Sharpe,MaxDD
BTC,W,S1_trend,0.7225439098015458,0.5956221579092934,1.2130910514440283,-0.7320680766404246
BTC,W,S2_meanrev,-0.03981246764596668,0.16765276941154034,-0.2374697882158945,-0.40131757851655436
BTC,W,S3_breakout,0.6343865212180766,0.5604672585296675,1.1318886367819758,-0.6175341423509078
