type,asset,freq,strategy,model,window,source,Return_Ann,Sharpe,MaxDD,Trades,WinRate
baseline,BTC,W,SMA,,10,,0.6731251874261288,1.1917531158094385,-0.5503932155031526,37,0.5811688311688312
baseline,BTC,W,SMA,,20,,0.7107700478189353,1.2133720209009378,-0.6175399678223632,17,0.574468085106383
baseline,BTC,W,EMA,,10,,0.7120576370167703,1.2450891424701602,-0.6076547382725035,37,0.5833333333333334
baseline,BTC,W,EMA,,20,,0.7097410437693306,1.2140339787802892,-0.639463860841465,21,0.5780346820809249
