strategy,type,cagr,sharpe,trades
sma,baseline,0.7615847399227986,1.4149761381866166,272
ema,baseline,0.9440492227418031,1.6103298029059456,266
