type,asset,freq,strategy,Return_Ann,Sharpe,MaxDD,WinRate,N_Trades
baseline,OIL,D,BASE_EMA,0.017155181956720167,0.19209839931845574,-0.39407555361698077,0.2748179379072442,29
baseline,OIL,D,BASE_SMA,0.01623367567993217,0.18860730824629884,-0.5204525200161751,0.27405136067458796,27
