type,asset,freq,strategy,Return_Ann,Sharpe,MaxDD,WinRate,N_Trades
baseline,OIL,W,BASE_SMA,0.026769580093366052,0.2280440339701417,-0.4528766775043339,0.2796934865900383,14
baseline,OIL,W,BASE_EMA,0.017176326152505528,0.1897903659680437,-0.5111418552599389,0.29310344827586204,13
