asset,freq,strategy,Return_Ann,Vol_Ann,Sharpe,MaxDD
OIL,D,S1_trend,0.0439494925071108,0.24478057364746308,0.1795464887275228,-0.5243067708710489
OIL,D,S2_meanrev,0.00913926343864329,0.4946095139823623,0.018477734819652487,-1.48231538005642
OIL,D,S3_breakout,0.08844566624316057,0.20763480017151972,0.425967449435734,-0.6427661670908835
