strategy,type,cagr,sharpe,trades
sma,baseline,0.04812551406095489,0.31237497799611735,288
ema,baseline,0.008653542193767016,0.16532978364794107,352
