strategy,type,cagr,sharpe,trades
sma,baseline,0.10952717436443304,0.4559129200498142,62
ema,baseline,-0.04808675022926734,0.16534198184203175,80
