type,asset,freq,strategy,model,window,source,Return_Ann,Sharpe,MaxDD,Trades,WinRate
baseline,OIL,D,SMA,,10,,0.13657790029621966,0.4649935321478745,-0.547390275255932,221,0.5363901018922853
baseline,OIL,D,SMA,,20,,0.07859251760158559,0.3123749779961173,-0.5729700858501208,144,0.5355805243445693
baseline,OIL,D,SMA,,50,,0.0656385939692573,0.27552128800509973,-0.5579463377907674,100,0.5370786516853933
baseline,OIL,D,EMA,,10,,0.09655151515114942,0.3396940628909474,-0.45991870841898697,243,0.532703488372093
baseline,OIL,D,EMA,,20,,0.042564948233261804,0.16310398590715647,-0.6094314483627399,176,0.5294550810014728
baseline,OIL,D,EMA,,50,,0.02057741906760408,0.08492344335801165,-0.5454599848231347,124,0.5309734513274337
