type,asset,freq,strategy,model,window,source,Return_Ann,Sharpe,MaxDD,Trades,WinRate
baseline,OIL,W,SMA,,10,,0.07137675276041716,0.30156389946783,-0.49506875532870476,47,0.5543478260869565
baseline,OIL,W,SMA,,20,,0.047702368352461,0.20710152707999407,-0.42074281295607263,31,0.5547445255474452
baseline,OIL,W,EMA,,10,,0.05283074140437905,0.22082825396194425,-0.4703413127933973,52,0.5543859649122806
baseline,OIL,W,EMA,,20,,0.0178524266689444,0.07510771339003947,-0.47682017257595843,40,0.5441696113074205
