asset,freq,strategy,Return_Ann,Vol_Ann,Sharpe,MaxDD
OIL,W,S1_trend,0.057490183935017924,0.23802702281526558,0.2415279712994455,-0.4290643500117699
OIL,W,S2_meanrev,0.0840831345664708,0.23399160754301274,0.35934252279118384,-0.46638730608070944
OIL,W,S3_breakout,-0.024907680133863505,0.21839121565614578,-0.11405074173441268,-0.5693559291622258
