asset,freq,strategy,Return_Ann,Vol_Ann,Sharpe,MaxDD
OIL,D,BASE_SMA,0.03496336325611376,0.23985044153474214,0.14577151925338167,-0.47887703061971265
OIL,D,BASE_EMA,0.0655879681493696,0.2485793556144199,0.263851227658283,-0.6248106399319086
