asset,freq,strategy,Return_Ann,Vol_Ann,Sharpe,MaxDD
OIL,W,BASE_SMA,0.05498720995200252,0.22268487574805287,0.2469283545516374,-0.44574102863382825
OIL,W,BASE_EMA,0.06239600544097883,0.23995066210654548,0.26003681295646136,-0.4983482861224299
