type,asset,freq,strategy,Return_Ann,Sharpe,MaxDD,WinRate,N_Trades
baseline,USDCNY,W,BASE_EMA,0.014042046112467288,0.4506685805404567,-0.07711480072970311,0.29310344827586204,8
baseline,USDCNY,W,BASE_SMA,0.00996992952670639,0.3463637210919401,-0.06031929734261121,0.2681992337164751,13
