type,asset,freq,strategy,model,window,source,Return_Ann,Sharpe,MaxDD,Trades,WinRate
baseline,USDCNY,W,SMA,,10,,0.03108448086592589,1.0321359865555684,-0.03499883181475494,33,0.5882352941176471
baseline,USDCNY,W,SMA,,20,,0.020156467808957308,0.6877043607381071,-0.04923079163811539,22,0.56
baseline,USDCNY,W,EMA,,10,,0.03078406171864017,1.0081396636829039,-0.04332358396043767,30,0.5854545454545454
baseline,USDCNY,W,EMA,,20,,0.023052399384086902,0.7254112464484951,-0.0494142591694704,21,0.5719424460431655
