asset,freq,strategy,Return_Ann,Vol_Ann,Sharpe,MaxDD
USDCNY,D,S1_trend,0.026337328593778415,0.037445559465342455,0.7033498489495075,-0.0453430746411605
USDCNY,D,S2_meanrev,-0.0009072045375850104,0.019315968215599125,-0.04696655779607119,-0.07157559987345652
USDCNY,D,S3_breakout,0.013690933740990797,0.032051564442769694,0.4271533692352807,-0.10601743238455597
