strategy,type,cagr,sharpe,trades
sma,baseline,0.0012973420301136684,0.05484502417571953,308
ema,baseline,-0.003376807333783427,-0.08071706847178017,346
