type,asset,freq,strategy,Return_Ann,Sharpe,MaxDD,WinRate,N_Trades
baseline,USDCNY,D,BASE_SMA,0.027744328793463557,0.757287994439914,-0.04295194293377658,0.2644691452663856,23
baseline,USDCNY,D,BASE_EMA,0.025480745965307028,0.6629980523758265,-0.05763426766299273,0.27520122652357226,19
