asset,freq,strategy,Return_Ann,Vol_Ann,Sharpe,MaxDD
USDCNY,W,BASE_SMA,-0.0008764603528113865,0.03316441209457995,-0.02642773676529686,-0.0819612406451341
USDCNY,W,BASE_EMA,0.007444080701822259,0.03129262368280426,0.2378861158232918,-0.07848810584479582
