strategy,type,cagr,sharpe,trades
sma,baseline,0.10030626711654245,1.5139111123695255,44
ema,baseline,0.11544216928952933,1.596918981082958,42
