type,asset,freq,strategy,model,window,source,Return_Ann,Sharpe,MaxDD,Trades,WinRate
baseline,USDCNY,D,SMA,,10,,-0.009269643049127476,-0.27585445558608707,-0.17354830912724428,246,0.4940387481371088
baseline,USDCNY,D,SMA,,20,,0.0018943122606386,0.05484502417571951,-0.16169277669132798,154,0.5093023255813953
baseline,USDCNY,D,SMA,,50,,0.011558391167366488,0.3220063648530725,-0.15038818184595204,81,0.5272867025365103
baseline,USDCNY,D,EMA,,10,,-0.009810264482280999,-0.2928153894453572,-0.17861140086391625,259,0.49142431021625654
baseline,USDCNY,D,EMA,,20,,-0.0027415024164091474,-0.0794342795702023,-0.16810936898689732,174,0.5038402457757296
baseline,USDCNY,D,EMA,,50,,0.004877014667198573,0.13754298831082215,-0.170610984689343,99,0.5215094339622641
