asset,freq,strategy,Return_Ann,Vol_Ann,Sharpe,MaxDD
USDCNY,W,S1_trend,-0.008503143301682604,0.0307940804469939,-0.27612915139061006,-0.12528383648258146
USDCNY,W,S2_meanrev,-0.004379241193470384,0.021806025816649803,-0.2008271122070603,-0.08842019019543701
USDCNY,W,S3_breakout,0.016719535603851032,0.028977635704697313,0.5769806679273276,-0.05406776046112205
