asset,freq,strategy,Return_Ann,Vol_Ann,Sharpe,MaxDD
USDCNY,D,BASE_SMA,0.018077774309986923,0.03889893657898324,0.46473697997580193,-0.05545829287025994
USDCNY,D,BASE_EMA,0.016960467763650233,0.037171122880271405,0.45628074831852905,-0.08698026327674202
