asset,freq,strategy,Return_Ann,Vol_Ann,Sharpe,MaxDD
GOLD,D,BASE_SMA,0.09942523803906722,0.1257708038731963,0.7905271730576596,-0.18386893774462731
GOLD,D,BASE_EMA,0.07358869997849421,0.12066374171037351,0.6098658879245393,-0.18993648033440724
