asset,freq,strategy,Return_Ann,Vol_Ann,Sharpe,MaxDD
GOLD,W,BASE_SMA,0.08498604585924349,0.1246109214829661,0.682011214168421,-0.2820365326307668
GOLD,W,BASE_EMA,0.09932829148656615,0.13434273386526266,0.7393648218160143,-0.19199078591688423
