type,asset,freq,strategy,Return_Ann,Sharpe,MaxDD,WinRate,N_Trades
baseline,GOLD,D,BASE_SMA,0.0697036413204164,0.6294611381243012,-0.1908934615774841,0.29053277117669607,29
baseline,GOLD,D,BASE_EMA,0.0881987260343946,0.7369114024334097,-0.20931208473483265,0.34380988884630126,24
