type,asset,freq,strategy,model,window,source,Return_Ann,Sharpe,MaxDD,Trades,WinRate
baseline,GOLD,D,SMA,,10,,0.05001162164051632,0.4485603765517224,-0.2389388957792299,236,0.5218978102189781
baseline,GOLD,D,SMA,,20,,0.04789585720323185,0.41975116652460054,-0.2556823182411124,162,0.5327169274537695
baseline,GOLD,D,SMA,,50,,0.06393584112208878,0.5415610494244729,-0.24773176255840867,94,0.5355383532723434
baseline,GOLD,D,EMA,,10,,0.04500063609076483,0.39416106312953036,-0.24269837541160544,248,0.5205965909090909
baseline,GOLD,D,EMA,,20,,0.040298008907284785,0.34722451528799875,-0.29206998585866795,182,0.523876404494382
baseline,GOLD,D,EMA,,50,,0.06256900786414918,0.5148318880492389,-0.2741131262684594,112,0.5310077519379846
