strategy,type,cagr,sharpe,trades
sma,baseline,0.04224180964529922,0.4197511665246005,323
ema,baseline,0.03515963614818429,0.3559293769451715,363
