asset,freq,strategy,Return_Ann,Vol_Ann,Sharpe,MaxDD
GOLD,W,S1_trend,0.09445929582880751,0.1327927558357428,0.711328680802802,-0.19378022144825313
GOLD,W,S2_meanrev,0.007384986305685429,0.04527523295562174,0.16311315974727522,-0.08840209171480817
GOLD,W,S3_breakout,0.07445667265810453,0.11746829666318957,0.633844831100174,-0.21923310274837593
