type,asset,freq,strategy,Return_Ann,Sharpe,MaxDD,WinRate,N_Trades
baseline,GOLD,W,BASE_SMA,0.10259302233314593,0.856306101221573,-0.13818240302746,0.37547892720306514,12
baseline,GOLD,W,BASE_EMA,0.10010257821721269,0.7901951426488547,-0.1908158279885911,0.41762452107279696,11
