strategy,type,cagr,sharpe,trades
sma,baseline,0.5460541482422605,1.7434334984782793,53
ema,baseline,0.5149331633582725,1.6407930147967171,71
