asset,freq,strategy,Return_Ann,Vol_Ann,Sharpe,MaxDD
GOLD,D,S1_trend,0.07301532321952987,0.11931223046435101,0.6119684707541021,-0.1989703076499757
GOLD,D,S2_meanrev,0.031455743618292474,0.04641444731696992,0.6777144927198501,-0.09033772694705
GOLD,D,S3_breakout,0.012112027916868766,0.10056882298512651,0.12043521597801794,-0.2650064913207134
