type,asset,freq,strategy,model,window,source,Return_Ann,Sharpe,MaxDD,Trades,WinRate
baseline,GOLD,W,SMA,,10,,0.07938605891809088,0.6801343291590619,-0.17557421100129167,45,0.5637583892617449
baseline,GOLD,W,SMA,,20,,0.09754773710738447,0.7919664567913912,-0.19336349813774034,27,0.5730994152046783
baseline,GOLD,W,EMA,,10,,0.07459940545939643,0.6251914442159119,-0.20944135726445023,51,0.5524691358024691
baseline,GOLD,W,EMA,,20,,0.08894845355796524,0.7026160381253553,-0.2062425878377261,36,0.5543175487465181
