type,asset,freq,strategy,Return_Ann,Sharpe,MaxDD,WinRate,N_Trades
baseline,BTC,W,BASE_SMA,0.018983556229317335,0.7898224349386378,-0.03655083442156454,0.26120609156342434,21
baseline,BTC,W,BASE_EMA,0.009626101549757838,0.726389686419769,-0.27059264489355506,0.7204188845290055,20
baseline,GOLD,W,BASE_SMA,0.03850676904618699,1.1802492125905564,-0.2371273386709728,0.4658453758897665,21
baseline,GOLD,W,BASE_EMA,0.013572765188595194,0.1355145153660715,-0.19957774987155041,0.260898047231235,14
baseline,OIL,W,BASE_SMA,0.05665106730279369,1.54593974911829,-0.22634786535755563,0.05135411199041251,26
baseline,OIL,W,BASE_EMA,0.0285318290776619,0.47123879700484106,-0.30595811289983615,0.8783400951134477,20
baseline,USDCNY,W,BASE_SMA,0.07160909565588484,1.9590540225887607,-0.10253713595453717,0.30671948974515506,6
baseline,USDCNY,W,BASE_EMA,0.0855678128288675,0.1425094190017535,-0.174730898318324,0.15996604915682078,16
