asset,freq,strategy,type,model,cagr,sharpe,winrate,max_dd
BTC,W,EMA,BASELINE,,1.1963334620617312,1.6148809861357194,0.425287356321839,-0.5290903870566879
BTC,W,SMA,BASELINE,,1.090466022612134,1.5203699129441908,0.4272030651340996,-0.6108567921249803
GOLD,W,EMA,BASELINE,,0.205810017846185,1.5125817746815962,0.4674329501915709,-0.1135266673018865
GOLD,W,SMA,BASELINE,,0.1700659640805837,1.2789788604607633,0.4348659003831417,-0.1135266673018861
OIL,W,EMA,BASELINE,,0.3289135953526874,1.3610390894781623,0.3199233716475095,-0.2152150626897628
OIL,W,SMA,BASELINE,,0.2993880878508497,1.2660974575483093,0.3256704980842911,-0.2152150626897628
USDCNY,W,EMA,BASELINE,,0.0422896949881197,1.2955146055785267,0.3524904214559387,-0.057432074314179
USDCNY,W,SMA,BASELINE,,0.0370795064294287,1.1103465668443435,0.3505747126436782,-0.057432074314179
