type,asset,freq,strategy,Return_Ann,Sharpe,MaxDD,WinRate,N_Trades
baseline,GOLD,W,BASE_SMA,0.1025930223331459,0.856306101221573,-0.13818240302746,0.3754789272030651,12
baseline,GOLD,W,BASE_EMA,0.1001025782172126,0.7901951426488547,-0.1908158279885911,0.4176245210727969,11
baseline,BTC,W,BASE_SMA,0.6783574379357775,1.1806173561131177,-0.638129590742774,0.3409961685823754,11
baseline,BTC,W,BASE_EMA,0.7297734438366452,1.2018730415834835,-0.6552643578330455,0.3946360153256705,9
baseline,OIL,W,BASE_SMA,0.026769580093366,0.2280440339701417,-0.4528766775043339,0.2796934865900383,14
baseline,OIL,W,BASE_EMA,0.0171763261525055,0.1897903659680437,-0.5111418552599389,0.293103448275862,13
baseline,USDCNY,W,BASE_SMA,0.0099699295267063,0.3463637210919401,-0.0603192973426112,0.2681992337164751,13
baseline,USDCNY,W,BASE_EMA,0.0140420461124672,0.4506685805404567,-0.0771148007297031,0.293103448275862,8
