type,asset,freq,strategy,Return_Ann,Sharpe,MaxDD,WinRate,N_Trades
baseline,BTC,D,BASE_SMA,0.02978841716935181,1.5712648998811016,-0.25423110351152833,0.3311640376542302,7
baseline,BTC,D,BASE_EMA,0.04482272623229597,0.09726324044544055,-0.014934465155217291,0.11550491270931884,7
baseline,GOLD,D,BASE_SMA,0.055883776096827965,0.2566763584602809,-0.4611794931473233,0.6080014074325453,7
baseline,GOLD,D,BASE_EMA,0.013288995351495714,1.5088546703533259,-0.03271421758838827,0.9406539161606838,17
baseline,OIL,D,BASE_SMA,0.05339065344468961,0.7925140211989585,-0.44597754323245864,0.12894312791620066,11
baseline,OIL,D,BASE_EMA,0.05382660582538112,1.4756288447142736,-0.28216467944392604,0.6108738086992523,17
baseline,USDCNY,D,BASE_SMA,0.05345173083437138,1.2071624853722003,-0.21463332310611,0.006896647901611375,12
baseline,USDCNY,D,BASE_EMA,0.027389261184155845,1.1835859194493559,-0.10220056468948224,0.9311300555544288,14
