type,asset,freq,strategy,Return_Ann,Sharpe,MaxDD,WinRate,N_Trades
baseline,BTC,W,BASE_SMA,0.02208208272909784,1.1403804277668432,-0.04924631199510182,0.8215880864880173,27
baseline,BTC,W,BASE_EMA,0.039274113354151666,1.3227536640872166,-0.2551072797997217,0.6242874169836351,13
baseline,GOLD,W,BASE_SMA,0.023176323013517477,0.357735914474709,-0.26722436801646887,0.4051429997131405,7
baseline,GOLD,W,BASE_EMA,0.06998832080460525,1.2796698633743198,-0.19388001143239314,0.582950318976904,7
baseline,OIL,W,BASE_SMA,0.029348468940535312,1.9248499574626148,-0.27096908553284876,0.8792914647656448,10
baseline,OIL,W,BASE_EMA,0.020318064522974102,0.640177080604216,-0.2966382246276174,0.061240288393031306,23
baseline,USDCNY,W,BASE_SMA,0.02365950881000091,1.4591654872457325,-0.3585518330641734,0.6294649952863515,6
baseline,USDCNY,W,BASE_EMA,0.09303506754266305,1.1241447969974117,-0.2171495291132018,0.8252060979357947,8
