type,asset,freq,strategy,model,split,Return_Ann,Sharpe,WinRate,MaxDD,N_Trades
baseline,BTC,W,BASE_EMA,,,0.7343451466875658,1.2137961831541493,,-0.6873398462916342,
baseline,BTC,W,BASE_SMA,,,0.3814020801924977,0.6619344588635131,,-0.8830406114989271,
baseline,GOLD,W,BASE_EMA,,,0.0993282914865661,0.7393648218160143,,-0.1919907859168842,
baseline,GOLD,W,BASE_SMA,,,0.0849860458592434,0.682011214168421,,-0.2820365326307668,
baseline,OIL,W,BASE_EMA,,,0.0623960054409788,0.2600368129564613,,-0.4983482861224299,
baseline,OIL,W,BASE_SMA,,,0.0549872099520025,0.2469283545516374,,-0.4457410286338282,
baseline,USDCNY,W,BASE_EMA,,,0.0074440807018222,0.2378861158232918,,-0.0784881058447958,
baseline,USDCNY,W,BASE_SMA,,,-0.0008764603528113,-0.0264277367652968,,-0.0819612406451341,
