type,asset,freq,strategy,Return_Ann,Sharpe,MaxDD,WinRate,N_Trades
baseline,BTC,D,BASE_SMA,0.03780073428042416,1.6974641854613424,-0.2250317082739139,0.6555490342466753,12
baseline,BTC,D,BASE_EMA,0.0976025944406054,1.351102935416452,-0.053559439825381305,0.47123405819823383,19
baseline,GOLD,D,BASE_SMA,0.06119460208405911,1.104491923347945,-0.14496267214552716,0.3195453496866262,19
baseline,GOLD,D,BASE_EMA,0.025051448211324125,1.8040396364366598,-0.1434178051140534,0.47111298519408473,25
baseline,OIL,D,BASE_SMA,0.0766668562591663,0.42652675146391594,-0.4965369729964793,0.17589842363139985,11
baseline,OIL,D,BASE_EMA,0.07845668397789135,1.3257660326593246,-0.3433335075009759,0.1750939538433426,16
baseline,USDCNY,D,BASE_SMA,0.06164620619800246,1.0310436690907934,-0.44549107763525114,0.4818242840138014,8
baseline,USDCNY,D,BASE_EMA,0.08486937848760946,0.5511500572484747,-0.3312666979890627,0.3849494785172144,9
