type,asset,freq,strategy,Return_Ann,Sharpe,MaxDD,WinRate,N_Trades
baseline,BTC,D,BASE_SMA,0.05653972702289445,0.7282634470127405,-0.2169867394547021,0.9737434464149124,12
baseline,BTC,D,BASE_EMA,0.026360542724273142,0.9353308386613022,-0.09419464935671157,0.7910840323012058,14
baseline,GOLD,D,BASE_SMA,0.05460212443227334,1.316978534178948,-0.19791186215610201,0.819845910233056,7
baseline,GOLD,D,BASE_EMA,0.032824311535588305,1.0606844961100228,-0.01419212513264373,0.16395111552376362,14
baseline,OIL,D,BASE_SMA,0.02198371686651387,0.1903512099723681,-0.22019142474074171,0.6687822269940688,13
baseline,OIL,D,BASE_EMA,0.020400360788619787,1.6891103973551522,-0.4198756263970736,0.4182083989744615,27
baseline,USDCNY,D,BASE_SMA,0.058600678645596455,0.8234105190800374,-0.0037998992843015222,0.9999897015275003,7
baseline,USDCNY,D,BASE_EMA,0.06068809562190822,0.3995813528440284,-0.2214503234236569,0.18103420954063454,21
