type,asset,freq,strategy,Return_Ann,Sharpe,MaxDD,WinRate,N_Trades
baseline,BTC,W,BASE_SMA,0.0037569064808014143,0.4822419832690348,-0.1585669352157073,0.9127712716354809,26
baseline,BTC,W,BASE_EMA,0.08586861530772766,0.9470019129097202,-0.02425344914740446,0.8852272324762378,23
baseline,GOLD,W,BASE_SMA,0.019794118289834562,1.4543266024025858,-0.475848508947119,0.8921182497120033,24
baseline,GOLD,W,BASE_EMA,0.08941741588974311,1.156254126842297,-0.4398671153908316,0.4217450553995934,20
baseline,OIL,W,BASE_SMA,0.055511906060817476,1.9163334839240107,-0.4147666049586958,0.9810770555747582,9
baseline,OIL,W,BASE_EMA,0.04999100452031883,0.5575148329320112,-0.23426810032752554,0.38720483729713995,15
baseline,USDCNY,W,BASE_SMA,0.07935547063400944,0.9492681856483574,-0.4193147594005303,0.21053459201783953,25
baseline,USDCNY,W,BASE_EMA,0.04298148568699192,0.4742175133287925,-0.3799812417276606,0.39638457939713145,15
