type,asset,freq,strategy,Return_Ann,Sharpe,MaxDD,WinRate,N_Trades
baseline,GOLD,D,BASE_SMA,0.0697036413204164,0.6294611381243012,-0.1908934615774841,0.290532771176696,29
baseline,GOLD,D,BASE_EMA,0.0881987260343946,0.7369114024334097,-0.2093120847348326,0.3438098888463012,24
baseline,BTC,D,BASE_SMA,0.6750148454441145,1.242963567966053,-0.6397665342431101,0.3303947872748179,25
baseline,BTC,D,BASE_EMA,0.757940122796811,1.3090325294651886,-0.6360872182466821,0.3495592180912227,16
baseline,OIL,D,BASE_SMA,0.0162336756799321,0.1886073082462988,-0.5204525200161751,0.2740513606745879,27
baseline,OIL,D,BASE_EMA,0.0171551819567201,0.1920983993184557,-0.3940755536169807,0.2748179379072442,29
baseline,USDCNY,D,BASE_SMA,0.0277443287934635,0.757287994439914,-0.0429519429337765,0.2644691452663856,23
baseline,USDCNY,D,BASE_EMA,0.025480745965307,0.6629980523758265,-0.0576342676629927,0.2752012265235722,19
