type,asset,freq,strategy,model,split,Return_Ann,Sharpe,WinRate,MaxDD,N_Trades
baseline,BTC,D,BASE_EMA,,,0.6671628740602595,1.3004600173012502,,-0.7038681739606271,
baseline,BTC,D,BASE_SMA,,,0.7035605942478502,1.2981503180467855,,-0.6574979365712823,
baseline,GOLD,D,BASE_EMA,,,0.0735886999784942,0.6098658879245393,,-0.1899364803344072,
baseline,GOLD,D,BASE_SMA,,,0.0994252380390672,0.7905271730576596,,-0.1838689377446273,
baseline,OIL,D,BASE_EMA,,,0.0655879681493696,0.263851227658283,,-0.6248106399319086,
baseline,OIL,D,BASE_SMA,,,0.0349633632561137,0.1457715192533816,,-0.4788770306197126,
baseline,USDCNY,D,BASE_EMA,,,0.0169604677636502,0.456280748318529,,-0.086980263276742,
baseline,USDCNY,D,BASE_SMA,,,0.0180777743099869,0.4647369799758019,,-0.0554582928702599,
