type,asset,freq,strategy,model,window,source,Return_Ann,Sharpe,MaxDD,Trades,WinRate
baseline,BTC,W,SMA,,10,,0.6731251874261288,1.1917531158094385,-0.5503932155031526,37,0.5811688311688312
baseline,BTC,W,SMA,,20,,0.7107700478189353,1.2133720209009378,-0.6175399678223632,17,0.574468085106383
baseline,BTC,W,EMA,,10,,0.7120576370167703,1.2450891424701602,-0.6076547382725035,37,0.5833333333333334
baseline,BTC,W,EMA,,20,,0.7097410437693306,1.2140339787802892,-0.639463860841465,21,0.5780346820809249
baseline,OIL,W,SMA,,10,,0.07137675276041716,0.30156389946783,-0.49506875532870476,47,0.5543478260869565
baseline,OIL,W,SMA,,20,,0.047702368352461,0.20710152707999407,-0.42074281295607263,31,0.5547445255474452
baseline,OIL,W,EMA,,10,,0.05283074140437905,0.22082825396194425,-0.4703413127933973,52,0.5543859649122806
baseline,OIL,W,EMA,,20,,0.0178524266689444,0.07510771339003947,-0.47682017257595843,40,0.5441696113074205
baseline,GOLD,W,SMA,,10,,0.07938605891809088,0.6801343291590619,-0.17557421100129167,45,0.5637583892617449
baseline,GOLD,W,SMA,,20,,0.09754773710738447,0.7919664567913912,-0.19336349813774034,27,0.5730994152046783
baseline,GOLD,W,EMA,,10,,0.07459940545939643,0.6251914442159119,-0.20944135726445023,51,0.5524691358024691
baseline,GOLD,W,EMA,,20,,0.08894845355796524,0.7026160381253553,-0.2062425878377261,36,0.5543175487465181
baseline,USDCNY,W,SMA,,10,,0.03108448086592589,1.0321359865555684,-0.03499883181475494,33,0.5882352941176471
baseline,USDCNY,W,SMA,,20,,0.020156467808957308,0.6877043607381071,-0.04923079163811539,22,0.56
baseline,USDCNY,W,EMA,,10,,0.03078406171864017,1.0081396636829039,-0.04332358396043767,30,0.5854545454545454
baseline,USDCNY,W,EMA,,20,,0.023052399384086902,0.7254112464484951,-0.0494142591694704,21,0.5719424460431655
